mc_id,repeats,p50_ms,mean_ms,p90_ms
benchmark_resnet152_1.0,50,19.010083022294566,19.565424177562818,23.06495897937566
